Date,Open,High,Low,Close
"Dec 30, 2024","2,425.00","2,610.00","2,421.95","2,592.35"
"Dec 27, 2024","2,415.00","2,446.15","2,390.50","2,409.95"
"Dec 26, 2024","2,378.05","2,410.00","2,368.00","2,400.25"
"Dec 24, 2024","2,355.20","2,412.90","2,340.00","2,372.45"
"Dec 23, 2024","2,373.95","2,379.50","2,332.75","2,338.95"
"Dec 20, 2024","2,429.00","2,453.85","2,333.00","2,344.95"
"Dec 19, 2024","2,429.00","2,434.00","2,397.10","2,419.35"
"Dec 18, 2024","2,489.00","2,496.60","2,452.00","2,457.40"
"Dec 17, 2024","2,512.00","2,525.00","2,480.75","2,487.60"
"Dec 16, 2024","2,530.00","2,537.50","2,503.00","2,512.40"
"Dec 13, 2024","2,504.00","2,545.00","2,479.05","2,527.55"
"Dec 12, 2024","2,457.00","2,534.80","2,446.25","2,504.10"
"Dec 11, 2024","2,469.00","2,480.00","2,451.00","2,457.25"
"Dec 10, 2024","2,501.00","2,501.00","2,455.00","2,467.20"
"Dec 9, 2024","2,507.90","2,526.00","2,483.15","2,495.85"
"Dec 6, 2024","2,520.00","2,535.00","2,502.50","2,506.40"
"Dec 5, 2024","2,505.00","2,538.15","2,470.25","2,522.55"
"Dec 4, 2024","2,528.00","2,530.05","2,470.10","2,494.75"
"Dec 3, 2024","2,464.00","2,558.00","2,462.05","2,514.20"
"Dec 2, 2024","2,491.35","2,508.00","2,426.60","2,457.05"
"Nov 29, 2024","2,464.05","2,520.00","2,400.00","2,463.15"
"Nov 28, 2024","2,440.00","2,526.30","2,400.00","2,437.10"
"Nov 27, 2024","2,180.00","2,418.00","2,142.15","2,397.80"
"Nov 26, 2024","2,265.60","2,292.85","2,136.00","2,150.50"
"Nov 25, 2024","2,315.00","2,333.65","2,238.00","2,257.50"
"Nov 22, 2024","2,101.00","2,289.70","2,025.00","2,228.00"
"Nov 21, 2024","2,539.35","2,539.35","2,155.05","2,183.65"
"Nov 19, 2024","2,831.00","2,894.80","2,809.80","2,821.50"
"Nov 18, 2024","2,826.80","2,858.65","2,793.30","2,818.70"
"Nov 14, 2024","2,824.00","2,844.80","2,801.00","2,826.80"
"Nov 13, 2024","2,860.00","2,889.00","2,808.00","2,816.70"
"Nov 12, 2024","2,910.00","2,930.45","2,855.00","2,870.00"
"Nov 11, 2024","2,928.00","2,946.80","2,888.00","2,903.65"
"Nov 8, 2024","2,965.10","2,995.00","2,911.25","2,929.10"
"Nov 7, 2024","3,045.00","3,045.00","2,943.05","2,970.10"
"Nov 6, 2024","2,918.00","3,070.00","2,918.00","3,046.25"
"Nov 5, 2024","2,897.40","2,924.00","2,870.00","2,915.55"
"Nov 4, 2024","2,935.00","2,943.00","2,857.75","2,897.40"
"Nov 1, 2024","2,960.00","2,975.60","2,928.40","2,949.50"
"Oct 31, 2024","2,967.90","2,976.50","2,933.85","2,947.25"
"Oct 30, 2024","2,864.00","2,997.15","2,815.05","2,969.30"
"Oct 29, 2024","2,803.00","2,863.05","2,732.85","2,848.60"
"Oct 28, 2024","2,701.10","2,822.40","2,672.10","2,798.65"
"Oct 25, 2024","2,845.00","2,847.00","2,654.70","2,693.45"
"Oct 24, 2024","2,841.05","2,875.15","2,807.90","2,830.20"
"Oct 23, 2024","2,840.85","2,879.00","2,820.10","2,835.55"
"Oct 22, 2024","2,938.00","2,955.00","2,818.00","2,823.80"
"Oct 21, 2024","3,005.15","3,014.95","2,916.95","2,937.65"
"Oct 18, 2024","2,990.00","3,031.70","2,968.10","3,002.00"
"Oct 17, 2024","3,089.95","3,100.00","2,993.00","3,013.75"
"Oct 16, 2024","3,098.00","3,115.40","3,061.00","3,085.90"
"Oct 15, 2024","3,124.00","3,128.00","3,091.50","3,104.70"
"Oct 14, 2024","3,145.00","3,150.10","3,092.85","3,101.10"
"Oct 11, 2024","3,174.20","3,190.00","3,116.00","3,137.20"
"Oct 10, 2024","3,140.00","3,211.00","3,056.10","3,174.20"
"Oct 9, 2024","3,175.00","3,179.95","3,134.40","3,153.75"
"Oct 8, 2024","3,018.50","3,170.00","2,994.85","3,160.70"
"Oct 7, 2024","3,110.65","3,128.50","2,980.45","3,018.00"
"Oct 4, 2024","3,119.90","3,149.50","3,070.00","3,110.65"
"Oct 3, 2024","3,150.00","3,196.35","3,084.10","3,116.00"
"Oct 1, 2024","3,136.30","3,192.00","3,107.00","3,186.10"
"Sep 30, 2024","3,129.00","3,209.90","3,120.40","3,135.85"
"Sep 27, 2024","3,122.00","3,179.00","3,116.00","3,130.30"
"Sep 26, 2024","3,085.00","3,148.00","3,085.00","3,122.65"
"Sep 25, 2024","3,108.00","3,123.90","3,080.20","3,105.10"
"Sep 24, 2024","3,055.00","3,101.00","3,040.25","3,093.90"
"Sep 23, 2024","3,020.00","3,070.00","3,015.25","3,043.95"
"Sep 20, 2024","2,948.15","3,025.00","2,942.05","3,008.50"
"Sep 19, 2024","2,975.05","2,975.25","2,890.35","2,943.15"
"Sep 18, 2024","2,976.00","2,984.75","2,935.00","2,956.30"
"Sep 17, 2024","2,990.05","2,995.90","2,952.50","2,975.20"
"Sep 16, 2024","2,972.00","3,026.40","2,972.00","2,984.90"
"Sep 13, 2024","2,972.00","3,001.95","2,956.05","2,968.35"
"Sep 12, 2024","2,950.00","3,000.00","2,917.15","2,991.00"
"Sep 11, 2024","2,985.00","2,992.95","2,928.00","2,937.85"
"Sep 10, 2024","2,971.60","3,007.40","2,947.60","2,986.40"
"Sep 9, 2024","2,972.10","2,972.50","2,927.30","2,964.15"
"Sep 6, 2024","3,019.00","3,025.00","2,968.00","2,975.45"
"Sep 5, 2024","3,025.00","3,037.90","3,002.00","3,015.35"
"Sep 4, 2024","3,010.00","3,025.00","2,955.20","3,012.35"
"Sep 3, 2024","3,037.00","3,053.05","3,023.80","3,036.10"
"Sep 2, 2024","3,021.10","3,059.15","2,997.60","3,042.15"
"Aug 30, 2024","3,030.00","3,038.55","3,003.30","3,019.35"
"Aug 29, 2024","3,030.00","3,041.95","2,981.30","3,020.15"
"Aug 28, 2024","3,078.00","3,078.00","3,022.10","3,028.00"
"Aug 27, 2024","3,072.20","3,095.75","3,064.00","3,067.10"
"Aug 26, 2024","3,088.00","3,090.00","3,055.00","3,069.00"
"Aug 23, 2024","3,101.00","3,123.00","3,067.60","3,076.35"
"Aug 22, 2024","3,130.75","3,150.00","3,091.00","3,099.05"
"Aug 21, 2024","3,070.65","3,153.30","3,068.40","3,115.70"
"Aug 20, 2024","3,118.95","3,126.00","3,058.85","3,070.65"
"Aug 19, 2024","3,122.05","3,134.30","3,092.95","3,102.55"
"Aug 16, 2024","3,070.00","3,121.60","3,039.35","3,108.80"
"Aug 14, 2024","3,085.70","3,085.70","3,027.75","3,040.10"
"Aug 13, 2024","3,170.05","3,178.10","3,081.75","3,092.20"
"Aug 12, 2024","3,100.00","3,169.85","3,014.00","3,151.75"
"Aug 9, 2024","3,209.00","3,219.30","3,171.05","3,187.55"
"Aug 8, 2024","3,190.55","3,242.65","3,156.55","3,167.55"
"Aug 7, 2024","3,118.00","3,190.00","3,112.00","3,185.95"
"Aug 6, 2024","3,084.00","3,142.80","3,057.25","3,072.70"
"Aug 5, 2024","3,085.00","3,133.05","2,996.30","3,038.20"
"Aug 2, 2024","3,200.00","3,215.00","3,111.00","3,160.90"
"Aug 1, 2024","3,180.00","3,258.00","3,151.70","3,217.25"
"Jul 31, 2024","3,141.00","3,197.50","3,135.00","3,169.40"
"Jul 30, 2024","3,092.00","3,155.00","3,066.65","3,128.75"
"Jul 29, 2024","3,094.30","3,120.35","3,074.00","3,089.35"
"Jul 26, 2024","2,995.00","3,109.00","2,988.10","3,080.50"
"Jul 25, 2024","2,960.70","3,017.65","2,945.10","2,973.50"
"Jul 24, 2024","2,995.35","3,007.50","2,959.30","2,970.70"
"Jul 23, 2024","3,020.00","3,038.00","2,886.35","2,995.35"
"Jul 22, 2024","3,005.70","3,026.90","2,972.15","3,000.85"
"Jul 19, 2024","3,092.00","3,094.50","3,000.00","3,005.70"
"Jul 18, 2024","3,106.00","3,111.00","3,057.15","3,092.20"
"Jul 16, 2024","3,110.00","3,137.75","3,096.10","3,109.30"
"Jul 15, 2024","3,066.10","3,103.50","3,058.35","3,090.40"
"Jul 12, 2024","3,090.00","3,098.80","3,058.35","3,065.45"
"Jul 11, 2024","3,118.70","3,129.80","3,074.10","3,078.30"
"Jul 10, 2024","3,120.10","3,127.25","3,063.40","3,096.00"
"Jul 9, 2024","3,115.95","3,158.00","3,100.50","3,110.75"
"Jul 8, 2024","3,147.90","3,158.20","3,075.00","3,113.60"
"Jul 5, 2024","3,143.90","3,158.55","3,123.95","3,147.90"
"Jul 4, 2024","3,192.00","3,194.45","3,138.05","3,144.25"
"Jul 3, 2024","3,158.00","3,194.55","3,147.75","3,190.95"
"Jul 2, 2024","3,179.85","3,207.80","3,131.05","3,153.20"
"Jul 1, 2024","3,179.95","3,193.15","3,157.55","3,183.80"
"Jun 28, 2024","3,190.00","3,211.95","3,157.00","3,177.15"
"Jun 27, 2024","3,177.00","3,202.25","3,150.00","3,175.15"
"Jun 26, 2024","3,169.05","3,187.70","3,163.90","3,170.50"
"Jun 25, 2024","3,204.75","3,208.45","3,156.35","3,171.10"
"Jun 24, 2024","3,185.75","3,214.80","3,135.00","3,194.60"
"Jun 21, 2024","3,265.05","3,277.10","3,176.40","3,189.30"
"Jun 20, 2024","3,263.90","3,315.00","3,240.00","3,259.45"
"Jun 19, 2024","3,314.00","3,314.00","3,226.30","3,261.90"
"Jun 18, 2024","3,310.00","3,345.00","3,287.20","3,309.05"
"Jun 14, 2024","3,225.00","3,275.00","3,221.10","3,261.75"
"Jun 13, 2024","3,230.00","3,254.00","3,207.25","3,224.80"
"Jun 12, 2024","3,224.90","3,245.00","3,208.00","3,219.05"
"Jun 11, 2024","3,224.00","3,265.00","3,195.05","3,221.25"
"Jun 10, 2024","3,267.00","3,284.40","3,205.50","3,220.10"
"Jun 7, 2024","3,170.40","3,233.75","3,151.60","3,219.55"
"Jun 6, 2024","3,184.00","3,222.40","3,137.15","3,185.65"
"Jun 5, 2024","3,030.00","3,150.00","2,750.00","3,115.35"
"Jun 4, 2024","3,520.00","3,520.00","2,733.95","2,941.25"
"Jun 3, 2024","3,725.00","3,743.90","3,586.05","3,645.25"
"May 31, 2024","3,225.25","3,434.45","3,225.25","3,411.35"
"May 30, 2024","3,254.00","3,274.30","3,174.50","3,194.25"
"May 29, 2024","3,250.00","3,322.90","3,212.00","3,258.80"
"May 28, 2024","3,309.65","3,329.50","3,229.05","3,244.05"
"May 27, 2024","3,358.00","3,358.00","3,267.05","3,289.05"
"May 24, 2024","3,406.00","3,457.85","3,355.60","3,384.95"
"May 23, 2024","3,156.70","3,406.00","3,135.55","3,387.30"
"May 22, 2024","3,129.95","3,145.00","3,073.50","3,140.95"
"May 21, 2024","3,067.90","3,175.00","3,034.50","3,117.50"
"May 17, 2024","3,041.05","3,091.00","3,015.50","3,060.50"
"May 16, 2024","3,065.00","3,076.95","2,974.95","3,041.65"
"May 15, 2024","3,046.75","3,118.85","3,037.60","3,049.75"
"May 14, 2024","2,894.95","3,046.00","2,874.55","3,037.55"
"May 13, 2024","2,803.00","2,890.00","2,790.50","2,879.60"
"May 10, 2024","2,794.95","2,809.00","2,760.45","2,797.25"
"May 9, 2024","2,864.80","2,883.65","2,756.00","2,766.65"
"May 8, 2024","2,850.00","2,890.90","2,820.00","2,860.55"
"May 7, 2024","2,889.95","2,905.35","2,822.00","2,835.95"
"May 6, 2024","2,993.25","3,000.20","2,850.00","2,874.65"
"May 3, 2024","3,030.00","3,045.00","2,975.10","2,993.25"
"May 2, 2024","3,071.95","3,119.85","3,015.05","3,039.60"
"Apr 30, 2024","3,094.00","3,108.45","3,045.00","3,054.70"
"Apr 29, 2024","3,110.00","3,110.50","3,051.50","3,081.20"
"Apr 26, 2024","3,119.90","3,129.90","3,066.05","3,080.40"
"Apr 25, 2024","3,050.00","3,120.90","3,025.65","3,115.25"
"Apr 24, 2024","3,071.95","3,087.85","3,040.00","3,043.55"
"Apr 23, 2024","3,059.00","3,091.00","3,043.10","3,065.10"
"Apr 22, 2024","3,053.00","3,077.50","3,025.00","3,063.35"
"Apr 19, 2024","3,000.00","3,057.05","2,962.50","3,026.95"
"Apr 18, 2024","3,125.15","3,145.00","3,008.30","3,019.30"
"Apr 16, 2024","3,101.00","3,149.20","3,100.00","3,106.40"
"Apr 15, 2024","3,150.00","3,180.30","3,103.20","3,147.45"
"Apr 12, 2024","3,210.00","3,247.50","3,205.30","3,209.90"
"Apr 10, 2024","3,200.00","3,254.60","3,192.50","3,242.00"
"Apr 9, 2024","3,240.70","3,251.00","3,185.00","3,198.45"
"Apr 8, 2024","3,240.95","3,243.50","3,197.20","3,224.55"
"Apr 5, 2024","3,211.10","3,234.00","3,178.95","3,224.80"
"Apr 4, 2024","3,250.00","3,273.00","3,201.70","3,210.80"
"Apr 3, 2024","3,250.00","3,260.15","3,222.00","3,233.45"
"Apr 2, 2024","3,258.95","3,285.00","3,240.00","3,268.75"
"Apr 1, 2024","3,230.20","3,291.80","3,207.85","3,252.10"
"Mar 28, 2024","3,134.00","3,237.00","3,096.75","3,197.10"
"Mar 27, 2024","3,115.00","3,138.45","3,106.25","3,122.10"
"Mar 26, 2024","3,100.50","3,171.95","3,089.10","3,109.95"
"Mar 22, 2024","3,066.55","3,128.95","3,048.05","3,107.70"
"Mar 21, 2024","3,089.55","3,107.10","3,059.60","3,066.50"
"Mar 20, 2024","3,075.00","3,083.20","3,021.10","3,051.45"
"Mar 19, 2024","3,126.00","3,164.80","3,041.85","3,052.70"
"Mar 18, 2024","3,050.10","3,124.00","2,976.05","3,111.75"
"Mar 15, 2024","3,111.00","3,143.40","3,061.25","3,132.20"
"Mar 14, 2024","2,927.45","3,101.20","2,880.00","3,087.45"
"Mar 13, 2024","3,125.00","3,138.05","2,850.15","2,906.20"
"Mar 12, 2024","3,207.35","3,222.70","3,111.00","3,122.50"
"Mar 11, 2024","3,241.20","3,259.00","3,200.00","3,207.35"
"Mar 7, 2024","3,240.00","3,262.00","3,220.00","3,226.55"
"Mar 6, 2024","3,323.00","3,323.00","3,183.15","3,233.95"
"Mar 5, 2024","3,325.30","3,334.00","3,295.05","3,310.20"
"Mar 4, 2024","3,335.00","3,350.00","3,310.05","3,317.15"
"Mar 1, 2024","3,309.85","3,346.00","3,281.80","3,318.75"
"Feb 29, 2024","3,220.05","3,304.75","3,205.35","3,285.40"
"Feb 28, 2024","3,309.20","3,318.80","3,207.50","3,219.00"
"Feb 27, 2024","3,339.00","3,340.00","3,273.00","3,302.30"
"Feb 26, 2024","3,272.00","3,344.00","3,263.00","3,327.75"
"Feb 23, 2024","3,263.05","3,319.95","3,225.10","3,273.30"
"Feb 22, 2024","3,239.00","3,274.00","3,210.50","3,263.05"
"Feb 21, 2024","3,238.00","3,300.00","3,205.00","3,223.20"
"Feb 20, 2024","3,267.00","3,269.80","3,210.15","3,228.60"
"Feb 19, 2024","3,240.00","3,308.60","3,235.80","3,258.80"
"Feb 16, 2024","3,214.00","3,252.30","3,192.65","3,223.60"
"Feb 15, 2024","3,219.85","3,252.75","3,184.05","3,193.80"
"Feb 14, 2024","3,184.00","3,255.25","3,169.85","3,207.20"
"Feb 13, 2024","3,180.00","3,194.00","3,092.05","3,178.45"
"Feb 12, 2024","3,229.00","3,241.95","3,160.00","3,169.75"
"Feb 9, 2024","3,184.45","3,224.95","3,121.20","3,215.20"
"Feb 8, 2024","3,245.60","3,245.60","3,146.10","3,168.60"
"Feb 7, 2024","3,220.05","3,277.95","3,210.00","3,229.85"
"Feb 6, 2024","3,183.90","3,228.20","3,160.00","3,203.75"
"Feb 5, 2024","3,170.00","3,229.40","3,151.45","3,173.45"
"Feb 2, 2024","3,184.95","3,208.50","3,140.00","3,157.45"
"Feb 1, 2024","3,156.90","3,236.95","3,083.05","3,153.50"
"Jan 31, 2024","3,092.75","3,151.70","3,072.40","3,142.00"
"Jan 30, 2024","3,081.00","3,129.90","3,020.90","3,091.10"
"Jan 29, 2024","2,929.00","3,092.70","2,923.05","3,064.65"
"Jan 25, 2024","2,903.45","2,926.35","2,804.40","2,893.60"
"Jan 24, 2024","2,901.00","2,929.10","2,871.25","2,903.45"
"Jan 23, 2024","3,014.95","3,014.95","2,885.50","2,896.55"
"Jan 19, 2024","2,945.35","2,949.45","2,903.05","2,915.65"
"Jan 18, 2024","2,975.55","2,985.00","2,885.10","2,918.90"
"Jan 17, 2024","3,033.00","3,045.00","2,946.30","2,971.05"
"Jan 16, 2024","3,095.00","3,104.50","3,035.00","3,056.50"
"Jan 15, 2024","3,127.00","3,130.00","3,067.45","3,089.50"
"Jan 12, 2024","3,096.35","3,125.00","3,068.20","3,104.10"
"Jan 11, 2024","3,120.00","3,129.00","3,065.00","3,080.90"
"Jan 10, 2024","3,024.00","3,112.00","3,020.05","3,098.20"
"Jan 9, 2024","2,990.70","3,068.80","2,980.00","3,014.60"
"Jan 8, 2024","3,020.00","3,027.00","2,952.95","2,963.50"
"Jan 5, 2024","3,009.95","3,066.90","2,981.10","3,006.60"
"Jan 4, 2024","3,039.40","3,044.45","2,990.00","2,998.30"
"Jan 3, 2024","3,047.00","3,199.00","2,955.60","3,003.00"
"Jan 2, 2024","2,922.00","2,948.20","2,841.00","2,932.40"
"Jan 1, 2024","2,852.30","2,947.00","2,842.05","2,917.20"
"Dec 29, 2023","2,823.90","2,863.30","2,802.85","2,848.95"
"Dec 28, 2023","2,855.00","2,867.35","2,800.10","2,809.90"
"Dec 27, 2023","2,880.70","2,894.80","2,833.60","2,843.35"
"Dec 26, 2023","2,817.00","2,893.75","2,800.10","2,865.45"
"Dec 22, 2023","2,815.95","2,847.60","2,791.40","2,808.35"
"Dec 21, 2023","2,750.00","2,821.95","2,725.00","2,799.75"
"Dec 20, 2023","2,946.00","2,968.00","2,766.20","2,783.85"
"Dec 19, 2023","2,988.80","2,994.35","2,915.00","2,941.25"
"Dec 18, 2023","2,993.95","3,027.75","2,961.10","2,980.60"
"Dec 15, 2023","2,912.05","3,000.00","2,893.90","2,991.80"
"Dec 14, 2023","2,900.95","2,932.95","2,887.00","2,894.05"
"Dec 13, 2023","2,860.00","2,899.10","2,805.00","2,875.05"
"Dec 12, 2023","2,869.10","2,895.95","2,840.55","2,857.65"
"Dec 11, 2023","2,837.05","2,919.90","2,811.05","2,855.80"
"Dec 8, 2023","2,902.70","2,927.00","2,760.00","2,822.15"
"Dec 7, 2023","2,900.00","2,945.90","2,853.05","2,887.15"
"Dec 6, 2023","3,080.00","3,154.55","2,844.85","2,883.95"
"Dec 5, 2023","2,531.20","2,999.90","2,531.20","2,959.35"
"Dec 4, 2023","2,549.95","2,595.00","2,487.45","2,531.20"
"Dec 1, 2023","2,370.00","2,403.35","2,354.10","2,362.70"
"Nov 30, 2023","2,400.05","2,409.00","2,343.05","2,358.55"
"Nov 29, 2023","2,468.70","2,477.65","2,390.00","2,396.60"
"Nov 28, 2023","2,301.00","2,512.40","2,275.00","2,423.50"
"Nov 24, 2023","2,179.00","2,251.95","2,160.90","2,225.45"
"Nov 23, 2023","2,190.00","2,190.00","2,160.60","2,175.25"
"Nov 22, 2023","2,205.15","2,225.00","2,153.50","2,172.65"
"Nov 21, 2023","2,160.00","2,232.55","2,158.35","2,196.65"
"Nov 20, 2023","2,211.00","2,218.50","2,142.00","2,149.85"
"Nov 17, 2023","2,205.90","2,237.95","2,201.00","2,208.80"
"Nov 16, 2023","2,226.00","2,232.80","2,196.10","2,205.90"
"Nov 15, 2023","2,240.00","2,250.00","2,220.50","2,225.40"
"Nov 13, 2023","2,215.50","2,241.90","2,195.55","2,213.65"
"Nov 10, 2023","2,220.25","2,237.00","2,198.50","2,205.10"
"Nov 9, 2023","2,269.00","2,272.60","2,210.10","2,214.65"
"Nov 8, 2023","2,245.30","2,298.00","2,235.00","2,259.95"
"Nov 7, 2023","2,257.00","2,260.00","2,226.65","2,233.35"
"Nov 6, 2023","2,253.95","2,260.00","2,233.00","2,246.00"
"Nov 3, 2023","2,215.30","2,279.00","2,215.00","2,229.85"
"Nov 2, 2023","2,247.00","2,297.95","2,204.20","2,215.30"
"Nov 1, 2023","2,299.00","2,312.25","2,207.00","2,217.30"
"Oct 31, 2023","2,320.00","2,320.00","2,276.00","2,294.65"
"Oct 30, 2023","2,260.05","2,305.00","2,250.00","2,299.10"
"Oct 27, 2023","2,222.00","2,275.00","2,212.00","2,261.70"
"Oct 26, 2023","2,249.00","2,249.00","2,167.05","2,203.20"
"Oct 25, 2023","2,320.00","2,348.05","2,235.30","2,257.00"
"Oct 23, 2023","2,397.80","2,412.35","2,301.80","2,308.65"
"Oct 20, 2023","2,398.05","2,443.95","2,382.05","2,393.75"
"Oct 19, 2023","2,400.00","2,414.70","2,382.55","2,402.20"
"Oct 18, 2023","2,440.00","2,441.75","2,401.05","2,406.35"
"Oct 17, 2023","2,459.95","2,462.00","2,423.50","2,428.40"
"Oct 16, 2023","2,454.55","2,464.70","2,421.85","2,429.35"
"Oct 13, 2023","2,488.90","2,495.00","2,422.35","2,454.55"
"Oct 12, 2023","2,499.90","2,521.75","2,490.65","2,506.35"
"Oct 11, 2023","2,533.90","2,538.00","2,482.50","2,488.60"
"Oct 10, 2023","2,443.00","2,517.95","2,443.00","2,498.30"
"Oct 9, 2023","2,440.00","2,459.70","2,411.30","2,442.60"
"Oct 6, 2023","2,466.35","2,514.95","2,466.05","2,478.10"
"Oct 5, 2023","2,477.95","2,486.50","2,446.40","2,466.35"
"Oct 4, 2023","2,402.20","2,502.75","2,392.25","2,464.95"
"Oct 3, 2023","2,418.00","2,424.90","2,372.00","2,387.25"
"Sep 29, 2023","2,462.05","2,479.55","2,405.05","2,413.90"
"Sep 28, 2023","2,489.95","2,511.00","2,446.70","2,475.25"
"Sep 27, 2023","2,460.00","2,498.00","2,445.10","2,483.30"
"Sep 26, 2023","2,491.00","2,499.00","2,452.60","2,457.95"
"Sep 25, 2023","2,479.95","2,489.00","2,424.00","2,482.10"
"Sep 22, 2023","2,489.95","2,498.00","2,460.00","2,464.90"
"Sep 21, 2023","2,479.80","2,503.80","2,461.00","2,479.25"
"Sep 20, 2023","2,502.40","2,533.65","2,458.90","2,470.30"
"Sep 18, 2023","2,552.00","2,555.00","2,491.00","2,502.45"
"Sep 15, 2023","2,519.80","2,558.00","2,514.20","2,540.05"
"Sep 14, 2023","2,541.85","2,545.00","2,506.05","2,519.80"
"Sep 13, 2023","2,545.70","2,566.95","2,496.00","2,518.90"
"Sep 12, 2023","2,622.45","2,626.60","2,530.00","2,535.70"
"Sep 11, 2023","2,565.00","2,630.25","2,546.00","2,614.95"
"Sep 8, 2023","2,513.80","2,538.60","2,506.10","2,519.30"
"Sep 7, 2023","2,498.00","2,520.00","2,485.00","2,509.50"
"Sep 6, 2023","2,494.05","2,504.00","2,471.00","2,496.50"
"Sep 5, 2023","2,482.00","2,501.40","2,464.00","2,494.05"
"Sep 4, 2023","2,454.00","2,480.00","2,450.05","2,470.60"
"Sep 1, 2023","2,381.00","2,465.55","2,380.00","2,450.05"
"Aug 31, 2023","2,449.95","2,489.95","2,383.75","2,419.25"
"Aug 30, 2023","2,517.00","2,543.00","2,492.40","2,513.10"
"Aug 29, 2023","2,472.10","2,536.65","2,445.00","2,506.45"
"Aug 28, 2023","2,550.00","2,582.00","2,455.65","2,472.45"
"Aug 25, 2023","2,549.00","2,549.00","2,486.00","2,495.75"
"Aug 24, 2023","2,580.00","2,613.00","2,531.10","2,539.55"
"Aug 23, 2023","2,720.00","2,722.40","2,488.85","2,530.30"
"Aug 22, 2023","2,668.85","2,721.00","2,654.10","2,698.05"
"Aug 21, 2023","2,588.00","2,655.00","2,580.50","2,639.75"
"Aug 18, 2023","2,477.50","2,665.95","2,461.30","2,577.40"
"Aug 17, 2023","2,454.95","2,487.20","2,442.05","2,479.70"
"Aug 16, 2023","2,450.00","2,465.00","2,420.00","2,445.10"
"Aug 14, 2023","2,480.00","2,484.95","2,400.05","2,456.00"
"Aug 11, 2023","2,550.05","2,568.15","2,518.20","2,539.50"
"Aug 10, 2023","2,510.00","2,577.50","2,510.00","2,552.40"
"Aug 9, 2023","2,488.35","2,516.90","2,472.00","2,507.10"
"Aug 8, 2023","2,563.25","2,563.25","2,461.30","2,474.55"
"Aug 7, 2023","2,550.95","2,569.00","2,516.40","2,550.50"
"Aug 4, 2023","2,545.30","2,557.90","2,502.00","2,541.80"
"Aug 3, 2023","2,469.90","2,550.00","2,462.00","2,532.60"
"Aug 2, 2023","2,493.00","2,514.00","2,451.00","2,473.55"
"Aug 1, 2023","2,504.85","2,514.00","2,455.25","2,481.10"
"Jul 31, 2023","2,477.00","2,518.00","2,467.00","2,492.20"
"Jul 28, 2023","2,437.00","2,481.65","2,431.10","2,463.20"
"Jul 27, 2023","2,470.75","2,485.00","2,415.00","2,428.40"
"Jul 26, 2023","2,472.45","2,506.00","2,446.00","2,470.75"
"Jul 25, 2023","2,428.00","2,479.00","2,416.00","2,466.65"
"Jul 24, 2023","2,430.00","2,439.40","2,412.05","2,418.20"
"Jul 21, 2023","2,410.00","2,457.85","2,395.30","2,416.30"
"Jul 20, 2023","2,428.95","2,433.90","2,400.00","2,419.75"
"Jul 19, 2023","2,428.65","2,443.00","2,416.90","2,423.75"
"Jul 18, 2023","2,415.00","2,510.00","2,405.20","2,416.90"
"Jul 17, 2023","2,399.90","2,459.50","2,391.30","2,408.55"
"Jul 14, 2023","2,375.00","2,385.00","2,340.00","2,376.10"
"Jul 13, 2023","2,397.00","2,405.70","2,355.55","2,362.05"
"Jul 12, 2023","2,429.90","2,432.00","2,380.45","2,387.90"
"Jul 11, 2023","2,423.75","2,444.95","2,388.00","2,422.90"
"Jul 10, 2023","2,392.80","2,462.70","2,355.00","2,410.25"
"Jul 7, 2023","2,395.00","2,409.95","2,368.10","2,379.60"
"Jul 6, 2023","2,399.15","2,427.60","2,390.00","2,402.90"
"Jul 5, 2023","2,391.00","2,412.05","2,374.00","2,399.15"
"Jul 4, 2023","2,397.00","2,414.00","2,373.05","2,387.70"
"Jul 3, 2023","2,405.00","2,417.85","2,373.20","2,385.50"
"Jun 30, 2023","2,437.95","2,437.95","2,350.00","2,388.05"
"Jun 28, 2023","2,300.00","2,418.60","2,293.85","2,402.00"
"Jun 27, 2023","2,328.95","2,343.85","2,271.00","2,284.45"
"Jun 26, 2023","2,210.05","2,336.45","2,173.05","2,295.60"
"Jun 23, 2023","2,392.30","2,392.30","2,163.30","2,233.55"
"Jun 22, 2023","2,425.10","2,449.95","2,360.00","2,397.25"
"Jun 21, 2023","2,426.70","2,440.00","2,393.10","2,405.95"
"Jun 20, 2023","2,435.00","2,435.00","2,390.00","2,414.80"
"Jun 19, 2023","2,504.00","2,521.60","2,350.00","2,401.40"
"Jun 16, 2023","2,499.20","2,526.90","2,487.40","2,509.60"
"Jun 15, 2023","2,469.00","2,527.00","2,462.90","2,485.65"
"Jun 14, 2023","2,469.90","2,484.80","2,452.35","2,457.15"
"Jun 13, 2023","2,499.00","2,505.00","2,442.20","2,462.55"
"Jun 12, 2023","2,460.00","2,505.00","2,432.60","2,484.80"
"Jun 9, 2023","2,447.95","2,458.90","2,428.00","2,451.15"
"Jun 8, 2023","2,450.00","2,475.90","2,369.05","2,429.15"
"Jun 7, 2023","2,453.00","2,466.95","2,435.00","2,439.55"
"Jun 6, 2023","2,475.00","2,506.95","2,425.90","2,433.65"
"Jun 5, 2023","2,463.20","2,514.00","2,428.00","2,433.95"
"Jun 2, 2023","2,535.00","2,538.90","2,425.00","2,445.05"
"Jun 1, 2023","2,499.90","2,560.00","2,485.30","2,492.15"
"May 31, 2023","2,482.00","2,573.00","2,428.00","2,493.35"
"May 30, 2023","2,529.30","2,554.15","2,475.15","2,496.45"
"May 29, 2023","2,570.00","2,583.50","2,523.00","2,534.05"
"May 26, 2023","2,565.00","2,599.95","2,535.15","2,544.35"
"May 25, 2023","2,440.00","2,558.80","2,386.65","2,537.45"
"May 24, 2023","2,709.00","2,750.00","2,425.35","2,475.60"
"May 23, 2023","2,410.90","2,759.45","2,400.00","2,633.70"
"May 22, 2023","2,010.00","2,347.00","1,983.40","2,326.10"
"May 19, 2023","1,888.00","1,983.00","1,872.10","1,956.05"
"May 18, 2023","1,910.05","1,924.00","1,877.20","1,890.00"
"May 17, 2023","1,900.00","1,919.95","1,857.75","1,899.50"
"May 16, 2023","1,927.00","1,935.00","1,881.00","1,889.15"
"May 15, 2023","1,959.90","1,964.70","1,880.00","1,916.05"
"May 12, 2023","2,009.00","2,010.00","1,946.55","1,964.70"
"May 11, 2023","1,925.00","2,013.75","1,910.00","1,984.65"
"May 10, 2023","1,899.00","1,914.90","1,883.95","1,892.15"
"May 9, 2023","1,900.00","1,930.00","1,889.10","1,896.10"
"May 8, 2023","1,920.30","1,926.90","1,876.00","1,887.50"
"May 5, 2023","1,954.80","1,955.00","1,903.15","1,920.30"
"May 4, 2023","1,839.05","1,935.00","1,839.05","1,911.25"
"May 3, 2023","1,919.00","1,940.00","1,785.35","1,839.00"
"May 2, 2023","1,935.00","1,966.00","1,908.00","1,919.85"
"Apr 28, 2023","1,868.05","1,944.00","1,857.15","1,924.95"
"Apr 27, 2023","1,848.00","1,864.95","1,832.55","1,853.05"
"Apr 26, 2023","1,854.00","1,874.00","1,826.40","1,847.90"
"Apr 25, 2023","1,806.00","1,913.75","1,801.80","1,844.60"
"Apr 24, 2023","1,804.00","1,817.40","1,775.80","1,801.95"
"Apr 21, 2023","1,846.00","1,853.25","1,796.05","1,803.00"
"Apr 20, 2023","1,855.00","1,878.90","1,836.85","1,842.90"
"Apr 19, 2023","1,847.00","1,877.70","1,835.00","1,853.85"
"Apr 18, 2023","1,892.00","1,902.75","1,830.00","1,850.95"
"Apr 17, 2023","1,870.75","1,904.90","1,847.00","1,878.75"
"Apr 13, 2023","1,855.00","1,885.00","1,826.05","1,870.75"
"Apr 12, 2023","1,814.00","1,858.75","1,797.05","1,847.25"
"Apr 11, 2023","1,810.00","1,829.00","1,792.85","1,803.15"
"Apr 10, 2023","1,774.00","1,812.70","1,760.60","1,797.25"
"Apr 6, 2023","1,705.00","1,793.65","1,688.15","1,754.05"
"Apr 5, 2023","1,717.45","1,737.95","1,671.55","1,698.00"
"Apr 3, 2023","1,750.45","1,754.95","1,695.50","1,717.45"
"Mar 31, 2023","1,788.00","1,825.00","1,740.00","1,750.45"
"Mar 29, 2023","1,602.95","1,756.00","1,591.10","1,740.40"
"Mar 28, 2023","1,727.95","1,733.00","1,573.00","1,600.85"
"Mar 27, 2023","1,740.65","1,757.40","1,682.00","1,723.05"
"Mar 24, 2023","1,796.00","1,823.00","1,695.25","1,740.65"
"Mar 23, 2023","1,794.00","1,834.00","1,780.00","1,794.00"
"Mar 22, 2023","1,834.00","1,850.00","1,806.15","1,815.40"
"Mar 21, 2023","1,836.95","1,861.00","1,804.95","1,824.25"
"Mar 20, 2023","1,837.00","1,849.95","1,777.40","1,804.95"
"Mar 17, 2023","1,901.00","1,918.85","1,845.00","1,876.55"
"Mar 16, 2023","1,861.00","1,875.00","1,795.00","1,843.80"
"Mar 15, 2023","1,760.90","1,891.45","1,728.10","1,839.00"
"Mar 14, 2023","1,874.00","1,874.85","1,651.35","1,738.20"
"Mar 13, 2023","1,917.00","1,985.00","1,857.40","1,874.40"
"Mar 10, 2023","1,870.00","1,940.00","1,820.60","1,896.20"
"Mar 9, 2023","2,049.80","2,068.85","1,905.35","1,953.15"
"Mar 8, 2023","2,040.00","2,088.00","1,941.00","2,039.65"
"Mar 6, 2023","1,966.70","2,135.00","1,855.00","1,982.90"
"Mar 3, 2023","1,688.85","1,905.95","1,685.50","1,879.50"
"Mar 2, 2023","1,499.90","1,646.00","1,407.90","1,607.25"
"Mar 1, 2023","1,424.00","1,580.00","1,411.00","1,564.30"
"Feb 28, 2023","1,145.00","1,398.00","1,103.75","1,363.85"
"Feb 27, 2023","1,300.00","1,313.80","1,131.05","1,193.50"
"Feb 24, 2023","1,410.00","1,427.00","1,261.60","1,315.65"
"Feb 23, 2023","1,380.00","1,438.00","1,350.00","1,382.65"
"Feb 22, 2023","1,535.00","1,560.00","1,381.20","1,404.85"
"Feb 21, 2023","1,626.00","1,644.45","1,561.30","1,571.10"
"Feb 20, 2023","1,650.00","1,685.00","1,560.50","1,621.45"
"Feb 17, 2023","1,800.00","1,815.85","1,703.20","1,722.70"
"Feb 16, 2023","1,820.00","1,874.95","1,790.00","1,796.60"
"Feb 15, 2023","1,780.00","1,824.40","1,750.00","1,779.10"
"Feb 14, 2023","1,735.00","1,889.00","1,611.35","1,749.70"
"Feb 13, 2023","1,850.00","1,921.70","1,662.25","1,717.65"
"Feb 10, 2023","1,769.00","1,990.00","1,733.15","1,846.95"
"Feb 9, 2023","2,168.00","2,168.00","1,731.40","1,925.70"
"Feb 8, 2023","1,869.85","2,222.15","1,840.85","2,164.25"
"Feb 7, 2023","1,571.00","1,962.70","1,525.60","1,802.95"
"Feb 6, 2023","1,575.00","1,615.00","1,435.20","1,572.70"
"Feb 3, 2023","1,490.00","1,679.90","1,017.45","1,586.80"
"Feb 2, 2023","2,348.85","2,348.85","1,494.75","1,565.25"
"Feb 1, 2023","2,995.00","3,010.75","1,941.20","2,135.35"
"Jan 31, 2023","2,980.00","3,073.60","2,906.00","2,973.90"
"Jan 30, 2023","2,850.00","3,037.55","2,665.00","2,892.85"
"Jan 27, 2023","3,335.00","3,346.50","2,712.00","2,761.45"
"Jan 25, 2023","3,422.00","3,428.00","3,315.00","3,388.95"
"Jan 24, 2023","3,447.45","3,508.00","3,430.00","3,442.00"
"Jan 23, 2023","3,443.05","3,460.00","3,412.55","3,436.35"
"Jan 20, 2023","3,450.00","3,477.35","3,440.95","3,456.15"
"Jan 19, 2023","3,470.00","3,537.70","3,426.70","3,463.55"
"Jan 18, 2023","3,648.00","3,648.00","3,527.10","3,596.70"
"Jan 17, 2023","3,620.00","3,649.60","3,560.20","3,639.35"
"Jan 16, 2023","3,720.00","3,739.95","3,600.00","3,619.80"
"Jan 13, 2023","3,651.20","3,736.05","3,642.20","3,721.15"
"Jan 12, 2023","3,642.50","3,679.00","3,612.00","3,647.20"
"Jan 11, 2023","3,660.00","3,664.50","3,560.10","3,635.80"
"Jan 10, 2023","3,859.00","3,862.05","3,555.00","3,646.90"
"Jan 9, 2023","3,843.00","3,880.00","3,811.25","3,855.30"
"Jan 6, 2023","3,829.00","3,868.25","3,797.05","3,824.25"
"Jan 5, 2023","3,827.05","3,842.40","3,756.90","3,829.80"
"Jan 4, 2023","3,839.00","3,874.95","3,803.60","3,827.05"
"Jan 3, 2023","3,841.90","3,852.85","3,791.00","3,830.95"
"Jan 2, 2023","3,870.00","3,874.00","3,822.55","3,841.20"
"Dec 30, 2022","3,829.70","3,898.00","3,822.05","3,858.35"
"Dec 29, 2022","3,790.00","3,825.00","3,748.10","3,810.60"
"Dec 28, 2022","3,756.05","3,825.00","3,745.00","3,797.70"
"Dec 27, 2022","3,732.45","3,797.90","3,695.05","3,769.65"
"Dec 26, 2022","3,653.00","3,744.90","3,620.00","3,716.75"
"Dec 23, 2022","3,822.00","3,848.00","3,616.80","3,642.20"
"Dec 22, 2022","3,948.00","3,948.00","3,817.05","3,868.55"
"Dec 21, 2022","4,175.00","4,190.00","3,883.25","3,901.95"
"Dec 20, 2022","4,095.00","4,172.00","4,066.40","4,165.30"
"Dec 19, 2022","3,988.00","4,104.00","3,971.45","4,075.30"
"Dec 16, 2022","4,018.90","4,047.90","3,944.05","3,980.80"
"Dec 15, 2022","4,055.80","4,073.05","4,025.00","4,043.75"
"Dec 14, 2022","4,076.00","4,092.05","4,040.00","4,055.80"
"Dec 13, 2022","4,027.80","4,072.00","4,011.60","4,060.20"
"Dec 12, 2022","3,997.00","4,031.90","3,968.75","4,016.70"
"Dec 9, 2022","4,044.00","4,094.00","3,941.50","3,996.80"
"Dec 8, 2022","4,010.00","4,045.00","4,003.35","4,025.00"
"Dec 7, 2022","4,031.00","4,057.90","3,984.55","3,999.30"
"Dec 6, 2022","3,920.00","4,057.00","3,909.00","4,031.80"
"Dec 5, 2022","3,928.90","3,939.00","3,810.05","3,930.40"
"Dec 2, 2022","3,905.00","3,963.80","3,885.00","3,922.50"
"Dec 1, 2022","3,937.50","3,944.95","3,902.45","3,915.10"
"Nov 30, 2022","3,897.80","3,939.90","3,867.00","3,917.90"
"Nov 29, 2022","3,885.00","3,915.00","3,864.05","3,878.40"
"Nov 28, 2022","3,899.40","3,925.00","3,871.40","3,886.15"
"Nov 25, 2022","3,929.00","3,949.90","3,845.30","3,901.10"
"Nov 24, 2022","3,910.00","3,935.00","3,821.00","3,921.10"
"Nov 23, 2022","4,050.00","4,061.85","3,873.00","3,903.30"
"Nov 22, 2022","4,001.85","4,056.00","3,988.00","4,034.00"
"Nov 21, 2022","4,019.95","4,019.95","3,921.95","4,001.85"
"Nov 18, 2022","4,028.35","4,043.00","3,984.00","4,019.80"
"Nov 17, 2022","3,970.00","4,033.00","3,900.00","4,018.15"
"Nov 16, 2022","4,057.30","4,096.00","3,863.55","3,956.60"
"Nov 15, 2022","4,025.05","4,065.00","4,022.00","4,057.80"
"Nov 14, 2022","3,999.00","4,078.00","3,990.00","4,022.55"
"Nov 11, 2022","4,040.00","4,048.95","3,975.15","4,008.85"
"Nov 10, 2022","3,995.00","4,030.00","3,962.15","3,992.25"
"Nov 9, 2022","3,977.00","4,048.00","3,943.05","3,997.20"
"Nov 7, 2022","3,852.45","4,013.70","3,820.00","3,960.60"
"Nov 4, 2022","3,642.00","3,849.80","3,566.75","3,833.25"
"Nov 3, 2022","3,550.00","3,614.70","3,542.45","3,590.40"
"Nov 2, 2022","3,580.00","3,625.15","3,526.00","3,580.70"
"Nov 1, 2022","3,361.90","3,607.45","3,352.00","3,575.70"
"Oct 31, 2022","3,339.95","3,360.00","3,326.10","3,347.45"
"Oct 28, 2022","3,322.00","3,387.95","3,297.65","3,323.30"
"Oct 27, 2022","3,319.85","3,355.00","3,297.00","3,325.00"
"Oct 25, 2022","3,321.95","3,345.00","3,294.00","3,300.50"
"Oct 24, 2022","3,325.00","3,340.10","3,287.40","3,309.80"
"Oct 21, 2022","3,374.90","3,382.00","3,287.00","3,311.90"
"Oct 20, 2022","3,260.00","3,365.00","3,245.00","3,357.10"
"Oct 19, 2022","3,300.00","3,310.00","3,259.65","3,277.25"
"Oct 18, 2022","3,249.00","3,298.00","3,226.10","3,284.30"
"Oct 17, 2022","3,211.00","3,235.00","3,136.10","3,212.60"
"Oct 14, 2022","3,272.00","3,305.00","3,194.85","3,209.50"
"Oct 13, 2022","3,218.00","3,262.80","3,189.00","3,233.65"
"Oct 12, 2022","3,297.00","3,297.00","3,145.00","3,223.65"
"Oct 11, 2022","3,257.55","3,338.00","3,249.00","3,273.95"
"Oct 10, 2022","3,234.00","3,278.75","3,214.35","3,246.25"
"Oct 7, 2022","3,280.00","3,310.95","3,228.15","3,277.60"
"Oct 6, 2022","3,270.00","3,318.80","3,208.05","3,285.00"
"Oct 4, 2022","3,230.00","3,291.20","3,125.00","3,237.70"
"Oct 3, 2022","3,440.00","3,460.05","3,110.20","3,157.30"
"Sep 30, 2022","3,447.95","3,523.80","3,371.10","3,455.75"
"Sep 29, 2022","3,583.50","3,664.75","3,443.60","3,470.70"
"Sep 28, 2022","3,528.00","3,596.95","3,503.00","3,548.75"
"Sep 27, 2022","3,596.00","3,629.55","3,485.85","3,559.10"
"Sep 26, 2022","3,646.30","3,658.00","3,532.00","3,586.20"
"Sep 23, 2022","3,732.00","3,737.90","3,655.00","3,674.30"
"Sep 22, 2022","3,639.00","3,735.95","3,608.05","3,716.30"
"Sep 21, 2022","3,837.65","3,862.80","3,571.25","3,640.10"
"Sep 20, 2022","3,819.00","3,885.00","3,812.00","3,834.55"
"Sep 19, 2022","3,718.95","3,801.95","3,680.75","3,778.65"
"Sep 16, 2022","3,755.00","3,866.95","3,614.60","3,702.20"
"Sep 15, 2022","3,590.00","3,767.95","3,575.00","3,748.70"
"Sep 14, 2022","3,518.00","3,608.00","3,511.00","3,572.10"
"Sep 13, 2022","3,478.00","3,568.90","3,421.30","3,555.80"
"Sep 12, 2022","3,465.00","3,495.50","3,457.90","3,463.80"
"Sep 9, 2022","3,479.00","3,507.95","3,415.15","3,451.20"
"Sep 8, 2022","3,499.00","3,501.50","3,450.00","3,462.80"
"Sep 7, 2022","3,435.80","3,487.95","3,406.10","3,473.75"
"Sep 6, 2022","3,370.00","3,447.60","3,355.00","3,435.80"
"Sep 5, 2022","3,374.10","3,431.80","3,313.00","3,346.55"
"Sep 2, 2022","3,261.00","3,369.40","3,225.00","3,355.80"
"Sep 1, 2022","3,200.00","3,245.00","3,184.40","3,233.25"
"Aug 30, 2022","3,165.00","3,263.10","3,161.00","3,194.35"
"Aug 29, 2022","3,055.00","3,166.45","3,037.85","3,142.60"
"Aug 26, 2022","3,080.00","3,172.95","3,078.00","3,139.55"
"Aug 25, 2022","3,167.00","3,177.80","3,055.70","3,066.35"
"Aug 24, 2022","3,038.00","3,153.00","2,986.00","3,134.65"
"Aug 23, 2022","3,032.65","3,074.00","2,927.40","3,030.65"
"Aug 22, 2022","3,134.00","3,191.80","3,029.20","3,051.60"
"Aug 19, 2022","3,178.00","3,258.90","3,075.25","3,130.20"
"Aug 18, 2022","3,005.00","3,186.00","3,004.00","3,153.65"
"Aug 17, 2022","2,986.00","3,028.55","2,980.00","3,008.65"
"Aug 16, 2022","2,879.00","2,986.00","2,871.00","2,975.85"
"Aug 12, 2022","2,840.00","2,871.15","2,834.05","2,864.55"
"Aug 11, 2022","2,841.00","2,848.40","2,815.10","2,834.05"
"Aug 10, 2022","2,801.75","2,834.90","2,781.55","2,827.20"
"Aug 8, 2022","2,700.00","2,807.65","2,695.65","2,791.90"
"Aug 5, 2022","2,760.00","2,767.65","2,685.00","2,698.40"
"Aug 4, 2022","2,725.00","2,743.90","2,684.25","2,723.60"
"Aug 3, 2022","2,685.00","2,717.00","2,671.20","2,711.40"
"Aug 2, 2022","2,660.00","2,697.00","2,640.00","2,683.65"
"Aug 1, 2022","2,575.85","2,669.40","2,569.20","2,660.15"
"Jul 29, 2022","2,565.00","2,622.00","2,560.00","2,569.20"
"Jul 28, 2022","2,559.90","2,565.65","2,531.60","2,550.40"
"Jul 27, 2022","2,560.00","2,572.50","2,528.00","2,548.70"
"Jul 26, 2022","2,555.00","2,568.60","2,533.00","2,559.70"
"Jul 25, 2022","2,505.00","2,562.15","2,500.00","2,550.60"
"Jul 22, 2022","2,505.50","2,514.05","2,483.10","2,499.40"
"Jul 21, 2022","2,453.80","2,498.95","2,451.25","2,495.50"
"Jul 20, 2022","2,462.00","2,472.80","2,444.00","2,451.10"
"Jul 19, 2022","2,406.95","2,459.30","2,405.00","2,451.30"
"Jul 18, 2022","2,424.00","2,441.85","2,406.05","2,423.60"
"Jul 15, 2022","2,414.50","2,422.95","2,377.00","2,405.25"
"Jul 14, 2022","2,365.00","2,404.00","2,336.50","2,383.10"
"Jul 13, 2022","2,373.50","2,384.65","2,333.70","2,353.50"
"Jul 12, 2022","2,364.40","2,389.80","2,350.15","2,365.65"
"Jul 11, 2022","2,293.05","2,384.60","2,291.05","2,373.25"
"Jul 8, 2022","2,286.00","2,303.60","2,263.90","2,293.05"
"Jul 7, 2022","2,280.00","2,294.95","2,256.00","2,274.30"
"Jul 6, 2022","2,245.00","2,277.00","2,236.50","2,272.85"
"Jul 5, 2022","2,264.00","2,290.70","2,238.00","2,246.45"
"Jul 4, 2022","2,232.20","2,277.00","2,228.35","2,261.85"
"Jul 1, 2022","2,189.90","2,242.00","2,138.25","2,232.20"
"Jun 30, 2022","2,220.00","2,248.50","2,180.50","2,190.90"
"Jun 29, 2022","2,185.00","2,247.80","2,177.20","2,220.10"
"Jun 28, 2022","2,170.00","2,210.25","2,160.00","2,204.60"
"Jun 27, 2022","2,189.00","2,211.00","2,169.35","2,181.60"
"Jun 24, 2022","2,121.00","2,168.00","2,108.60","2,161.45"
"Jun 23, 2022","2,105.00","2,128.00","2,080.00","2,110.35"
"Jun 22, 2022","2,149.95","2,149.95","2,077.10","2,089.20"
"Jun 21, 2022","2,100.00","2,177.00","2,091.65","2,161.80"
"Jun 20, 2022","2,107.30","2,123.30","2,025.00","2,079.85"
"Jun 17, 2022","2,062.00","2,137.40","2,060.15","2,095.80"
"Jun 16, 2022","2,205.00","2,217.30","2,076.05","2,083.00"
"Jun 15, 2022","2,218.40","2,219.70","2,174.20","2,184.60"
"Jun 14, 2022","2,274.00","2,274.00","2,053.10","2,196.45"
"Jun 13, 2022","2,172.50","2,172.50","2,066.75","2,079.75"
"Jun 10, 2022","2,190.00","2,215.00","2,171.00","2,203.10"
"Jun 9, 2022","2,160.30","2,224.00","2,155.00","2,219.20"
"Jun 8, 2022","2,244.95","2,244.95","2,158.55","2,177.20"
"Jun 7, 2022","2,210.00","2,254.70","2,207.05","2,227.55"
"Jun 6, 2022","2,188.50","2,230.00","2,168.20","2,225.05"
"Jun 3, 2022","2,235.00","2,242.25","2,176.05","2,190.00"
"Jun 2, 2022","2,155.00","2,218.00","2,142.30","2,209.40"
"Jun 1, 2022","2,169.95","2,189.30","2,126.00","2,150.90"
"May 31, 2022","2,160.00","2,225.80","2,150.40","2,167.55"
"May 30, 2022","2,120.00","2,175.00","2,102.00","2,165.65"
"May 27, 2022","2,080.00","2,094.30","2,047.70","2,080.15"
"May 26, 2022","2,077.00","2,088.00","1,906.20","2,046.40"
"May 25, 2022","2,168.00","2,181.45","2,066.20","2,074.15"
"May 24, 2022","2,161.00","2,178.90","2,142.55","2,160.20"
"May 23, 2022","2,231.75","2,245.00","2,155.65","2,170.65"
"May 20, 2022","2,159.00","2,232.40","2,151.00","2,219.55"
"May 19, 2022","2,145.00","2,154.75","2,097.60","2,114.75"
"May 18, 2022","2,199.70","2,216.90","2,172.00","2,181.10"
"May 17, 2022","2,133.05","2,192.25","2,119.40","2,184.85"
"May 16, 2022","2,082.65","2,141.95","2,057.65","2,105.90"
"May 13, 2022","2,084.50","2,135.00","2,035.30","2,054.15"
"May 12, 2022","2,103.00","2,113.60","2,011.05","2,045.20"
"May 11, 2022","2,109.60","2,157.75","2,077.00","2,119.30"
"May 10, 2022","2,190.00","2,220.00","2,097.50","2,109.50"
"May 9, 2022","2,229.50","2,244.20","2,180.00","2,197.65"
"May 6, 2022","2,210.00","2,262.00","2,200.00","2,247.70"
"May 5, 2022","2,270.00","2,303.80","2,236.00","2,255.40"
"May 4, 2022","2,358.70","2,362.90","2,233.05","2,253.80"
"May 2, 2022","2,325.00","2,362.30","2,311.00","2,339.50"
"Apr 29, 2022","2,389.00","2,394.15","2,301.50","2,332.00"
"Apr 28, 2022","2,359.85","2,389.90","2,336.30","2,378.55"
"Apr 27, 2022","2,404.95","2,420.95","2,325.00","2,334.10"
"Apr 26, 2022","2,297.00","2,413.90","2,295.10","2,395.30"
"Apr 25, 2022","2,259.95","2,295.00","2,242.60","2,284.20"
"Apr 22, 2022","2,297.00","2,306.00","2,265.00","2,273.30"
"Apr 21, 2022","2,216.00","2,293.55","2,203.90","2,286.35"
"Apr 20, 2022","2,178.00","2,207.95","2,161.90","2,183.95"
"Apr 19, 2022","2,245.00","2,255.00","2,140.10","2,168.30"
"Apr 18, 2022","2,179.80","2,240.00","2,156.75","2,233.85"
"Apr 13, 2022","2,210.00","2,217.15","2,173.45","2,199.45"
"Apr 12, 2022","2,188.00","2,219.00","2,155.00","2,196.95"
"Apr 11, 2022","2,181.85","2,200.00","2,158.50","2,180.20"
"Apr 8, 2022","2,115.00","2,176.00","2,105.25","2,170.95"
"Apr 7, 2022","2,165.95","2,214.95","2,081.25","2,099.05"
"Apr 6, 2022","2,153.75","2,182.85","2,124.20","2,160.00"
"Apr 5, 2022","2,078.00","2,189.80","2,067.60","2,139.85"
"Apr 4, 2022","2,050.00","2,075.50","2,032.00","2,065.85"
"Apr 1, 2022","2,018.00","2,049.00","2,013.05","2,043.65"
"Mar 31, 2022","2,005.00","2,042.00","1,991.00","2,014.75"
"Mar 30, 2022","1,927.70","2,015.00","1,917.30","1,995.25"
"Mar 29, 2022","1,919.25","1,930.90","1,885.50","1,917.25"
"Mar 28, 2022","1,876.90","1,924.40","1,851.05","1,909.70"
"Mar 25, 2022","1,835.55","1,878.00","1,822.00","1,867.00"
"Mar 24, 2022","1,815.00","1,839.55","1,800.15","1,832.80"
"Mar 23, 2022","1,848.05","1,848.05","1,800.85","1,811.00"
"Mar 22, 2022","1,802.95","1,837.00","1,790.00","1,831.55"
"Mar 21, 2022","1,836.05","1,841.90","1,796.15","1,802.95"
"Mar 17, 2022","1,775.60","1,823.60","1,760.00","1,819.65"
"Mar 16, 2022","1,724.00","1,764.00","1,718.65","1,758.00"
"Mar 15, 2022","1,740.00","1,754.20","1,686.65","1,701.40"
"Mar 14, 2022","1,732.00","1,752.45","1,722.45","1,736.10"
"Mar 11, 2022","1,750.00","1,757.00","1,721.20","1,734.10"
"Mar 10, 2022","1,682.00","1,749.60","1,678.25","1,742.85"
"Mar 9, 2022","1,609.60","1,669.95","1,608.00","1,656.55"
"Mar 8, 2022","1,574.90","1,607.40","1,553.40","1,601.60"
"Mar 7, 2022","1,590.00","1,592.00","1,539.30","1,564.05"
"Mar 4, 2022","1,621.80","1,655.50","1,601.20","1,615.00"
"Mar 3, 2022","1,670.00","1,678.20","1,634.95","1,643.80"
"Mar 2, 2022","1,638.00","1,664.25","1,615.50","1,641.80"
"Feb 28, 2022","1,603.75","1,651.10","1,592.25","1,644.45"
"Feb 25, 2022","1,594.00","1,638.10","1,578.80","1,618.70"
"Feb 24, 2022","1,626.00","1,648.60","1,528.80","1,543.95"
"Feb 23, 2022","1,682.00","1,717.50","1,670.00","1,688.70"
"Feb 22, 2022","1,636.10","1,678.90","1,630.00","1,667.70"
"Feb 21, 2022","1,738.80","1,738.80","1,671.30","1,685.20"
"Feb 18, 2022","1,739.00","1,754.60","1,725.00","1,736.30"
"Feb 17, 2022","1,750.00","1,762.00","1,724.00","1,730.95"
"Feb 16, 2022","1,744.25","1,776.00","1,730.00","1,738.10"
"Feb 15, 2022","1,636.00","1,751.40","1,627.85","1,744.25"
"Feb 14, 2022","1,736.30","1,737.90","1,653.00","1,663.95"
"Feb 11, 2022","1,764.00","1,774.90","1,743.35","1,764.30"
"Feb 10, 2022","1,799.00","1,809.00","1,766.00","1,786.10"
"Feb 9, 2022","1,724.60","1,791.90","1,718.10","1,783.15"
"Feb 8, 2022","1,739.40","1,747.00","1,677.05","1,716.00"
"Feb 7, 2022","1,765.00","1,765.50","1,722.10","1,731.80"
"Feb 4, 2022","1,758.00","1,770.00","1,733.70","1,757.30"
"Feb 3, 2022","1,771.95","1,787.00","1,746.40","1,751.85"
"Feb 2, 2022","1,755.00","1,786.00","1,747.00","1,779.35"
"Feb 1, 2022","1,727.95","1,765.10","1,699.15","1,746.90"
"Jan 31, 2022","1,708.95","1,734.00","1,705.00","1,714.95"
"Jan 28, 2022","1,702.50","1,744.10","1,683.95","1,693.70"
"Jan 27, 2022","1,718.00","1,725.55","1,654.50","1,686.00"
"Jan 25, 2022","1,668.00","1,750.55","1,668.00","1,741.40"
"Jan 24, 2022","1,822.00","1,827.45","1,696.55","1,715.80"
"Jan 21, 2022","1,860.85","1,873.00","1,810.75","1,828.35"
"Jan 20, 2022","1,855.00","1,880.35","1,843.70","1,865.85"
"Jan 19, 2022","1,839.80","1,857.00","1,811.25","1,849.30"
"Jan 18, 2022","1,885.00","1,908.50","1,830.05","1,840.95"
"Jan 17, 2022","1,876.00","1,901.40","1,855.65","1,877.80"
"Jan 14, 2022","1,850.00","1,890.45","1,831.10","1,870.25"
"Jan 13, 2022","1,834.00","1,863.00","1,808.00","1,853.35"
"Jan 12, 2022","1,873.00","1,873.00","1,808.30","1,830.10"
"Jan 11, 2022","1,758.00","1,850.00","1,737.00","1,843.90"
"Jan 10, 2022","1,707.55","1,766.00","1,699.10","1,752.60"
"Jan 7, 2022","1,719.90","1,730.80","1,689.50","1,699.10"
"Jan 6, 2022","1,710.00","1,723.85","1,675.60","1,713.10"
"Jan 5, 2022","1,722.00","1,744.65","1,702.55","1,715.45"
"Jan 4, 2022","1,725.75","1,728.00","1,700.00","1,719.00"
"Jan 3, 2022","1,713.00","1,733.00","1,711.20","1,717.15"
"Dec 31, 2021","1,694.95","1,725.00","1,691.05","1,709.45"
"Dec 30, 2021","1,714.00","1,725.00","1,685.00","1,696.40"
"Dec 29, 2021","1,751.00","1,755.00","1,709.40","1,718.05"
"Dec 28, 2021","1,740.00","1,760.00","1,728.10","1,751.00"
"Dec 27, 2021","1,694.75","1,738.00","1,686.05","1,730.20"
"Dec 24, 2021","1,680.00","1,703.95","1,658.20","1,698.20"
"Dec 23, 2021","1,674.70","1,684.20","1,658.20","1,676.20"
"Dec 22, 2021","1,631.25","1,663.45","1,627.00","1,658.10"
"Dec 21, 2021","1,621.10","1,645.90","1,602.90","1,620.50"
"Dec 20, 2021","1,629.00","1,629.00","1,555.20","1,589.95"
"Dec 17, 2021","1,698.95","1,702.00","1,640.00","1,645.30"
"Dec 16, 2021","1,707.30","1,719.85","1,687.00","1,702.05"
"Dec 15, 2021","1,720.00","1,727.00","1,687.05","1,695.30"
"Dec 14, 2021","1,712.00","1,727.90","1,683.00","1,720.10"
"Dec 13, 2021","1,755.00","1,762.20","1,711.10","1,719.55"
"Dec 10, 2021","1,710.60","1,788.00","1,710.60","1,740.40"
"Dec 9, 2021","1,725.00","1,739.25","1,706.60","1,722.25"
"Dec 8, 2021","1,679.80","1,726.40","1,679.05","1,715.50"
"Dec 7, 2021","1,658.90","1,686.70","1,654.00","1,678.45"
"Dec 6, 2021","1,710.00","1,727.95","1,640.00","1,645.60"
"Dec 3, 2021","1,734.00","1,745.00","1,701.10","1,708.10"
"Dec 2, 2021","1,692.50","1,735.00","1,687.65","1,732.25"
"Dec 1, 2021","1,694.00","1,705.00","1,652.35","1,693.30"
"Nov 30, 2021","1,668.00","1,718.65","1,648.15","1,662.85"
"Nov 29, 2021","1,655.00","1,697.00","1,609.85","1,665.05"
"Nov 26, 2021","1,740.00","1,768.55","1,660.85","1,669.55"
"Nov 25, 2021","1,762.95","1,773.70","1,735.55","1,763.05"
"Nov 24, 2021","1,721.60","1,788.90","1,712.45","1,755.15"
"Nov 23, 2021","1,660.15","1,720.35","1,650.00","1,707.95"
"Nov 22, 2021","1,691.40","1,701.40","1,610.05","1,675.75"
"Nov 18, 2021","1,708.00","1,714.00","1,640.00","1,688.75"
"Nov 17, 2021","1,714.00","1,729.70","1,682.50","1,706.45"
"Nov 16, 2021","1,759.45","1,766.55","1,706.90","1,711.60"
"Nov 15, 2021","1,713.75","1,764.00","1,691.80","1,749.55"
"Nov 12, 2021","1,678.30","1,719.50","1,670.10","1,705.20"
"Nov 11, 2021","1,650.00","1,704.00","1,640.85","1,664.90"
"Nov 10, 2021","1,625.55","1,686.00","1,620.40","1,655.85"
"Nov 9, 2021","1,555.00","1,659.00","1,554.95","1,635.45"
"Nov 8, 2021","1,495.00","1,575.15","1,485.65","1,568.25"
"Nov 4, 2021","1,495.00","1,511.50","1,483.00","1,489.45"
"Nov 3, 2021","1,474.00","1,501.00","1,464.45","1,485.90"
"Nov 2, 2021","1,455.00","1,489.00","1,452.80","1,472.80"
"Nov 1, 2021","1,436.00","1,457.00","1,411.20","1,445.30"
"Oct 29, 2021","1,400.00","1,454.80","1,377.75","1,423.60"
"Oct 28, 2021","1,550.00","1,566.90","1,367.70","1,398.55"
"Oct 27, 2021","1,548.00","1,581.15","1,540.00","1,566.55"
"Oct 26, 2021","1,532.00","1,557.25","1,520.90","1,543.85"
"Oct 25, 2021","1,545.00","1,551.40","1,494.05","1,532.20"
"Oct 22, 2021","1,595.05","1,608.80","1,537.00","1,543.00"
"Oct 21, 2021","1,601.95","1,626.85","1,581.70","1,595.05"
"Oct 20, 2021","1,574.00","1,607.35","1,539.10","1,589.70"
"Oct 19, 2021","1,625.20","1,637.00","1,562.05","1,569.45"
"Oct 18, 2021","1,672.95","1,672.95","1,608.55","1,615.50"
"Oct 14, 2021","1,580.00","1,656.00","1,574.80","1,646.35"
"Oct 13, 2021","1,568.45","1,608.30","1,551.30","1,569.70"
"Oct 12, 2021","1,539.00","1,566.90","1,514.50","1,554.45"
"Oct 11, 2021","1,553.00","1,563.70","1,532.15","1,539.75"
"Oct 8, 2021","1,522.00","1,569.45","1,511.45","1,547.90"
"Oct 7, 2021","1,502.85","1,535.75","1,490.00","1,520.75"
"Oct 6, 2021","1,529.80","1,541.00","1,472.00","1,479.55"
"Oct 5, 2021","1,515.00","1,557.85","1,512.35","1,527.65"
"Oct 4, 2021","1,471.00","1,531.00","1,460.10","1,526.65"
"Oct 1, 2021","1,465.00","1,468.75","1,422.65","1,458.70"
"Sep 30, 2021","1,484.70","1,519.00","1,463.35","1,468.10"
"Sep 29, 2021","1,466.30","1,498.00","1,464.30","1,485.65"
"Sep 28, 2021","1,557.00","1,557.90","1,475.00","1,487.30"
"Sep 27, 2021","1,462.00","1,544.00","1,462.00","1,531.25"
"Sep 24, 2021","1,483.00","1,516.00","1,455.00","1,461.70"
"Sep 23, 2021","1,453.00","1,480.00","1,441.10","1,474.35"
"Sep 22, 2021","1,435.00","1,462.65","1,424.35","1,437.75"
"Sep 21, 2021","1,420.00","1,446.95","1,381.35","1,441.45"
"Sep 20, 2021","1,464.90","1,488.50","1,409.95","1,418.85"
"Sep 17, 2021","1,503.20","1,525.00","1,465.75","1,480.25"
"Sep 16, 2021","1,523.00","1,535.00","1,499.75","1,503.20"
"Sep 15, 2021","1,524.00","1,545.60","1,496.90","1,516.80"
"Sep 14, 2021","1,539.90","1,547.25","1,497.05","1,513.20"
"Sep 13, 2021","1,548.00","1,557.00","1,525.25","1,532.45"
"Sep 9, 2021","1,561.60","1,565.50","1,535.05","1,545.00"
"Sep 8, 2021","1,559.90","1,579.00","1,538.25","1,555.95"
"Sep 7, 2021","1,585.10","1,592.35","1,553.00","1,558.10"
"Sep 6, 2021","1,572.00","1,628.45","1,566.05","1,582.00"
"Sep 3, 2021","1,578.50","1,581.40","1,551.55","1,565.55"
"Sep 2, 2021","1,571.00","1,594.30","1,565.50","1,570.55"
"Sep 1, 2021","1,594.90","1,600.85","1,561.50","1,565.20"
"Aug 31, 2021","1,517.30","1,596.85","1,512.80","1,587.60"
"Aug 30, 2021","1,513.75","1,527.00","1,493.30","1,516.55"
"Aug 27, 2021","1,475.00","1,515.00","1,474.10","1,506.05"
"Aug 26, 2021","1,482.00","1,494.65","1,460.40","1,475.70"
"Aug 25, 2021","1,444.25","1,481.80","1,425.00","1,475.35"
"Aug 24, 2021","1,407.00","1,448.40","1,390.00","1,437.80"
"Aug 23, 2021","1,415.05","1,427.75","1,361.55","1,396.70"
"Aug 20, 2021","1,438.00","1,482.65","1,411.00","1,430.10"
"Aug 18, 2021","1,441.90","1,496.80","1,432.60","1,460.00"
"Aug 17, 2021","1,431.00","1,451.00","1,416.20","1,441.65"
"Aug 16, 2021","1,431.50","1,449.70","1,413.55","1,430.10"
"Aug 13, 2021","1,445.00","1,454.00","1,428.00","1,437.00"
"Aug 12, 2021","1,443.60","1,458.00","1,430.25","1,442.90"
"Aug 11, 2021","1,455.00","1,456.60","1,407.00","1,437.05"
"Aug 10, 2021","1,488.00","1,498.65","1,426.05","1,446.50"
"Aug 9, 2021","1,546.70","1,565.00","1,482.50","1,493.40"
"Aug 6, 2021","1,422.00","1,555.00","1,422.00","1,536.65"
"Aug 5, 2021","1,428.00","1,438.00","1,407.40","1,432.35"
"Aug 4, 2021","1,460.00","1,460.00","1,423.05","1,429.55"
"Aug 3, 2021","1,467.00","1,467.00","1,422.20","1,442.80"
"Aug 2, 2021","1,435.00","1,445.00","1,424.10","1,438.20"
"Jul 30, 2021","1,409.50","1,449.50","1,400.25","1,420.25"
"Jul 29, 2021","1,413.95","1,425.00","1,397.00","1,400.25"
"Jul 28, 2021","1,406.85","1,424.80","1,378.60","1,399.90"
"Jul 27, 2021","1,403.90","1,424.60","1,378.15","1,396.75"
"Jul 26, 2021","1,399.80","1,416.80","1,392.00","1,403.90"
"Jul 23, 2021","1,430.00","1,434.85","1,386.20","1,401.65"
"Jul 22, 2021","1,375.00","1,424.90","1,340.50","1,416.75"
"Jul 20, 2021","1,340.00","1,382.90","1,336.10","1,365.70"
"Jul 19, 2021","1,390.00","1,412.65","1,332.75","1,380.60"
"Jul 16, 2021","1,409.00","1,415.00","1,388.25","1,395.50"
"Jul 15, 2021","1,399.00","1,429.00","1,393.40","1,407.95"
"Jul 14, 2021","1,449.00","1,449.00","1,397.80","1,402.05"
"Jul 13, 2021","1,433.00","1,433.00","1,385.20","1,417.70"
"Jul 12, 2021","1,442.00","1,447.00","1,414.15","1,420.70"
"Jul 9, 2021","1,425.90","1,456.60","1,416.45","1,431.35"
"Jul 8, 2021","1,420.00","1,445.00","1,411.80","1,425.90"
"Jul 7, 2021","1,420.00","1,437.10","1,385.00","1,425.65"
"Jul 6, 2021","1,400.90","1,444.15","1,378.75","1,414.80"
"Jul 5, 2021","1,427.00","1,443.95","1,350.60","1,394.35"
"Jul 2, 2021","1,490.25","1,507.70","1,411.55","1,422.05"
"Jul 1, 2021","1,509.55","1,522.55","1,482.90","1,490.25"
"Jun 30, 2021","1,539.00","1,539.00","1,502.70","1,507.55"
"Jun 29, 2021","1,526.00","1,548.70","1,513.00","1,523.55"
"Jun 28, 2021","1,524.90","1,565.00","1,518.20","1,525.75"
"Jun 25, 2021","1,525.00","1,534.00","1,501.00","1,519.45"
"Jun 24, 2021","1,509.95","1,519.00","1,488.05","1,508.50"
"Jun 23, 2021","1,560.10","1,569.95","1,481.30","1,504.75"
"Jun 22, 2021","1,554.05","1,582.00","1,531.80","1,541.60"
"Jun 21, 2021","1,490.00","1,582.00","1,444.85","1,540.00"
"Jun 18, 2021","1,350.00","1,504.00","1,332.55","1,487.50"
"Jun 17, 2021","1,380.00","1,436.00","1,303.50","1,367.70"
"Jun 16, 2021","1,510.00","1,538.20","1,409.30","1,448.30"
"Jun 15, 2021","1,550.95","1,572.60","1,477.20","1,538.85"
"Jun 14, 2021","1,441.45","1,529.95","1,201.20","1,501.45"
"Jun 11, 2021","1,615.10","1,620.10","1,575.25","1,601.60"
"Jun 10, 2021","1,612.00","1,630.00","1,591.00","1,612.00"
"Jun 9, 2021","1,640.00","1,649.45","1,571.85","1,594.65"
"Jun 8, 2021","1,633.00","1,668.00","1,602.45","1,636.45"
"Jun 7, 2021","1,715.00","1,717.20","1,613.00","1,624.30"
"Jun 4, 2021","1,605.00","1,713.55","1,585.80","1,700.95"
"Jun 3, 2021","1,564.00","1,623.80","1,553.00","1,583.10"
"Jun 2, 2021","1,425.55","1,557.00","1,413.00","1,546.75"
"Jun 1, 2021","1,319.90","1,430.00","1,309.05","1,416.25"
"May 31, 2021","1,307.05","1,321.50","1,292.00","1,316.30"
"May 28, 2021","1,311.60","1,330.45","1,298.00","1,302.60"
"May 27, 2021","1,329.50","1,342.00","1,304.25","1,325.80"
"May 26, 2021","1,288.95","1,326.85","1,254.25","1,322.80"
"May 25, 2021","1,314.35","1,322.00","1,272.90","1,282.75"
"May 24, 2021","1,321.70","1,328.65","1,303.00","1,306.80"
"May 21, 2021","1,320.00","1,336.00","1,300.05","1,315.10"
"May 20, 2021","1,301.30","1,320.00","1,283.95","1,302.00"
"May 19, 2021","1,350.00","1,351.55","1,283.90","1,294.70"
"May 18, 2021","1,314.95","1,344.95","1,302.00","1,326.70"
"May 17, 2021","1,230.00","1,299.00","1,227.45","1,289.10"
"May 14, 2021","1,300.00","1,302.00","1,213.35","1,220.35"
"May 12, 2021","1,311.00","1,328.50","1,278.60","1,285.80"
"May 11, 2021","1,292.00","1,326.00","1,284.00","1,303.50"
"May 10, 2021","1,294.90","1,314.00","1,286.30","1,304.10"
"May 7, 2021","1,305.00","1,322.40","1,290.45","1,298.90"
"May 6, 2021","1,272.35","1,311.85","1,263.00","1,286.75"
"May 5, 2021","1,274.40","1,288.25","1,240.25","1,267.50"
"May 4, 2021","1,285.00","1,298.95","1,241.85","1,262.50"
"May 3, 2021","1,145.10","1,264.40","1,122.65","1,255.55"
"Apr 30, 2021","1,171.00","1,200.95","1,143.00","1,158.70"
"Apr 29, 2021","1,196.55","1,212.65","1,178.00","1,182.30"
"Apr 28, 2021","1,207.95","1,213.95","1,180.75","1,185.20"
"Apr 27, 2021","1,184.70","1,213.50","1,181.00","1,191.15"
"Apr 26, 2021","1,160.00","1,197.90","1,160.00","1,173.35"
"Apr 23, 2021","1,161.00","1,182.90","1,145.65","1,157.60"
"Apr 22, 2021","1,134.00","1,169.00","1,123.00","1,157.80"
"Apr 20, 2021","1,156.85","1,177.70","1,125.05","1,142.75"
"Apr 19, 2021","1,100.00","1,153.00","1,089.00","1,136.35"
"Apr 16, 2021","1,130.00","1,192.00","1,112.00","1,159.00"
"Apr 15, 2021","1,095.00","1,144.90","1,081.35","1,129.95"
"Apr 13, 2021","1,077.00","1,116.30","1,051.05","1,106.35"
"Apr 12, 2021","1,177.40","1,177.40","1,061.40","1,074.40"
"Apr 9, 2021","1,163.40","1,228.00","1,151.20","1,201.40"
"Apr 8, 2021","1,162.50","1,191.00","1,137.75","1,162.50"
"Apr 7, 2021","1,233.40","1,251.60","1,108.00","1,165.55"
"Apr 6, 2021","1,153.40","1,241.00","1,142.50","1,225.40"
"Apr 5, 2021","1,127.00","1,150.00","1,098.85","1,138.25"
"Apr 1, 2021","1,043.40","1,116.05","1,035.00","1,107.20"
"Mar 31, 2021","1,038.00","1,053.15","1,016.60","1,031.15"
"Mar 30, 2021","1,004.00","1,042.45",988,"1,031.55"
"Mar 26, 2021","1,000.00","1,018.45",978,988.3
"Mar 25, 2021","1,032.95","1,041.45",977,981.55
"Mar 24, 2021","1,063.00","1,093.00","1,018.40","1,025.45"
"Mar 23, 2021",999,"1,086.70",991.05,"1,058.40"
"Mar 22, 2021",892.9,"1,003.00",883.45,991.05
"Mar 19, 2021",866,895.4,840.2,889.65
"Mar 18, 2021",876,891,857.75,871.05
"Mar 17, 2021",898,905.4,865,873.9
"Mar 16, 2021",900.7,904.4,888.05,897.8
"Mar 15, 2021",898.75,904,874.5,896.2
"Mar 12, 2021",905,923.8,889.3,894.1
"Mar 10, 2021",911,914.1,888.7,898.15
"Mar 9, 2021",918,928.4,893.6,905.2
"Mar 8, 2021",918.1,926.4,905.1,910.2
"Mar 5, 2021",918,934,888.3,909.9
"Mar 4, 2021",910,938.7,905.4,918.4
"Mar 3, 2021",880.45,944.9,872.85,915.35
"Mar 2, 2021",857.4,876.5,852.25,872.55
"Mar 1, 2021",840.75,860.95,836.45,851.5
"Feb 26, 2021",833.9,861,819.85,833.65
"Feb 25, 2021",814,862.4,809,843.5
"Feb 24, 2021",806,812.05,795.45,805.2
"Feb 23, 2021",814.8,827.3,789,799.65
"Feb 22, 2021",786,813,780.55,805.9
"Feb 19, 2021",813,831,729.5,781.9
"Feb 18, 2021",787.25,824.5,786,808.2
"Feb 17, 2021",787.15,802,782.25,785.45
"Feb 16, 2021",760,802.95,756.25,780.2
"Feb 15, 2021",725,787.95,707.65,763.45
"Feb 12, 2021",657,724.45,655.2,718.95
"Feb 11, 2021",654,661,645.35,658.6
"Feb 10, 2021",633.05,654.9,622.1,650.7
"Feb 9, 2021",631.45,641.9,621,629.85
"Feb 8, 2021",605.4,638,603.55,628.3
"Feb 5, 2021",595,607.85,588.6,595.35
"Feb 4, 2021",561.95,611.7,556,589.7
"Feb 3, 2021",568,576.6,558.35,566.6
"Feb 2, 2021",542.05,566.9,540.8,564.2
"Feb 1, 2021",510.5,539.5,496.9,537.2
"Jan 29, 2021",515.2,525.2,502.5,506.65
"Jan 28, 2021",507.3,519.5,501.35,511.85
"Jan 27, 2021",513.1,521.55,507.05,512.8
"Jan 25, 2021",530.25,534.4,509,513.9
"Jan 22, 2021",534.05,546.75,521.6,526.8
"Jan 21, 2021",551.4,552.95,531.55,536.9
"Jan 20, 2021",532.15,552.15,531,546.75
"Jan 19, 2021",512.3,532,512.3,530.1
"Jan 18, 2021",528,529.1,502.05,507.85
"Jan 15, 2021",534.7,537.5,518.8,527.3
"Jan 14, 2021",534.95,541,528.4,532.1
"Jan 13, 2021",529.1,540.2,521.3,536.05
"Jan 12, 2021",519,536.6,517.1,525.4
"Jan 11, 2021",520.6,524.6,510.5,519.15
"Jan 8, 2021",523,526.6,514.1,518
"Jan 7, 2021",493.9,523.95,493.8,518.1
"Jan 6, 2021",496,500.65,484.25,490.9
"Jan 5, 2021",492,501.4,489.6,494.4
"Jan 4, 2021",492,502.6,486.65,494.5
"Jan 1, 2021",477,493.25,477,491.15
"Dec 31, 2020",481,484,435.75,479.55
"Dec 30, 2020",489.2,496,478.4,484.15
"Dec 29, 2020",492,499.15,484.7,489.2
"Dec 28, 2020",473,507,472.7,490.85
"Dec 24, 2020",465,479.85,462.4,473.65
"Dec 23, 2020",458,466.8,454.2,463.6
"Dec 22, 2020",428.2,461.55,418.1,458.8
"Dec 21, 2020",454,460.75,409.65,429.2
"Dec 18, 2020",461,464.2,450.8,455.15
"Dec 17, 2020",463.4,473.95,455.1,459.3
"Dec 16, 2020",462.5,467.55,457.55,463.25
"Dec 15, 2020",455.5,464.05,446.55,462.45
"Dec 14, 2020",451,462,447,455.15
"Dec 11, 2020",447.25,451.8,440.4,449.8
"Dec 10, 2020",448,452.25,438.05,447.25
"Dec 9, 2020",454,458.1,447.3,449.1
"Dec 8, 2020",457.55,462.3,446.55,451.9
"Dec 7, 2020",446,466.35,445.95,457.55
"Dec 4, 2020",449,456.55,442,445.95
"Dec 3, 2020",453.75,457,443.25,447.55
"Dec 2, 2020",420.55,461.9,419.35,453.75
"Dec 1, 2020",398,423.95,395.1,421.9
"Nov 27, 2020",401,407.85,396.3,398.4
"Nov 26, 2020",402.8,411.55,399.15,401.95
"Nov 25, 2020",408.95,411.5,393,399.25
"Nov 24, 2020",409.9,415.5,404.2,407.2
"Nov 23, 2020",390.1,413.7,383.1,409.05
"Nov 20, 2020",385.1,402,385,388.3
"Nov 19, 2020",390,398.5,377.8,385.75
"Nov 18, 2020",393.95,404.7,387.4,394.5
"Nov 17, 2020",372,401.95,371,394.3
"Nov 14, 2020",369.8,372.85,369.5,371.25
"Nov 13, 2020",364,371.65,362.05,368.6
"Nov 12, 2020",358.2,369.5,358,365.55
"Nov 11, 2020",359.2,362.7,354.05,360.1
"Nov 10, 2020",358.1,361.75,353.2,359.5
"Nov 9, 2020",354,364.7,351.85,357.9
"Nov 6, 2020",352,353.85,345.05,352.1
"Nov 5, 2020",353,354.95,345.25,352.75
"Nov 4, 2020",342.6,359.5,337.5,351.85
"Nov 3, 2020",344,349.6,340.15,344.8
"Nov 2, 2020",339.1,344.3,333.05,341.1
"Oct 30, 2020",331.05,347.5,329.65,339.7
"Oct 29, 2020",315.4,332.35,313.2,328.9
"Oct 28, 2020",313.8,320.8,309.85,318.85
"Oct 27, 2020",308,315.35,303,314.05
"Oct 26, 2020",318,318.7,305.05,307.4
"Oct 23, 2020",314,322.45,313.3,315.45
"Oct 22, 2020",311,314.8,309,311.5
"Oct 21, 2020",322,324.7,306,312
"Oct 20, 2020",315.3,327.85,313.5,321.9
"Oct 19, 2020",309.9,319.25,309.35,316.95
"Oct 16, 2020",309.25,313.95,305.35,307
"Oct 15, 2020",315,325.85,305.35,307.1
"Oct 14, 2020",312.95,315.7,310.05,313.4
"Oct 13, 2020",315.5,316.8,309.75,313.2
"Oct 12, 2020",315,322.7,313,315.35
"Oct 9, 2020",318.8,322.05,310.5,313
"Oct 8, 2020",329,329.8,310.5,316.25
"Oct 7, 2020",325.15,335.6,323.25,330.1
"Oct 6, 2020",329.4,331.15,320.3,327.15
"Oct 5, 2020",311.5,334.5,307.35,326.6
"Oct 1, 2020",299.8,311.95,296,308.15
"Sep 30, 2020",300,304.7,295.1,297.1
"Sep 29, 2020",299.9,307,292.15,297.9
"Sep 28, 2020",283.1,302.05,282.1,295.7
"Sep 25, 2020",275.9,283.6,275,280.3
"Sep 24, 2020",277.95,281.25,269.5,270.45
"Sep 23, 2020",283.95,296.25,278.45,283.55
"Sep 22, 2020",278.25,283,257.5,280.4
"Sep 21, 2020",293,296.25,265,277.1
"Sep 18, 2020",297.6,299.7,287.3,291.55
"Sep 17, 2020",295,300.8,292.15,293.7
"Sep 16, 2020",292.7,302.85,290.1,297.1
"Sep 15, 2020",294.9,298.7,270,288.55
"Sep 14, 2020",301.8,304,290.15,293.15
"Sep 11, 2020",299,303.65,292.1,296
"Sep 10, 2020",287.65,307.95,285.9,298.3
"Sep 9, 2020",276.9,286.9,274.4,283.05
"Sep 8, 2020",286,289.8,273.55,277.7
"Sep 7, 2020",285.15,291.7,282.05,285.25
"Sep 4, 2020",284,293.45,280.1,285.15
"Sep 3, 2020",294.75,298.7,287.65,291.25
"Sep 2, 2020",283,306,280.4,293.05
"Sep 1, 2020",279.95,287.05,271.55,281.1
"Aug 31, 2020",290,297.6,270.25,279.55
"Aug 28, 2020",289,295.65,286.5,288.25
"Aug 27, 2020",284.9,297.7,283.7,286.7
"Aug 26, 2020",299,302.8,278.25,285.55
"Aug 25, 2020",252,322.4,250,307.55
"Aug 24, 2020",236,253.85,235,248.7
"Aug 21, 2020",237.1,244.5,231.1,233.35
"Aug 20, 2020",241.2,245,230.4,234
"Aug 19, 2020",214.25,245.4,214.25,239.55
"Aug 18, 2020",200,216.8,199,213.7
"Aug 17, 2020",197.4,201.65,196.05,197.8
"Aug 14, 2020",202.4,204.5,191.45,196.2
"Aug 13, 2020",198.9,203.3,197.75,200.75
"Aug 12, 2020",195.8,200.75,190.2,197.7
"Aug 11, 2020",196,199.8,194.4,195.85
"Aug 10, 2020",192.9,198.3,192.35,195.7
"Aug 7, 2020",181.05,195,180.1,192.9
"Aug 6, 2020",180.1,188,177.5,185.95
"Aug 5, 2020",183,184.8,178.5,179.6
"Aug 4, 2020",174,184,172.2,182.1
"Aug 3, 2020",175.25,178.7,171.2,172.25
"Jul 31, 2020",174,178.65,172.1,175.25
"Jul 30, 2020",179.2,181.35,173.25,175.05
"Jul 29, 2020",174,190.85,172.05,179.1
"Jul 28, 2020",166.3,174.9,163.8,173.55
"Jul 27, 2020",168.65,169.05,163,165.95
"Jul 24, 2020",167.4,169.75,163.65,168.75
"Jul 23, 2020",168.35,170.7,165.4,169.95
"Jul 22, 2020",167,172,162,169.4
"Jul 21, 2020",161.45,168.1,159.1,167.3
"Jul 20, 2020",153.15,161.9,152.1,160.7
"Jul 17, 2020",149.75,153.9,149,151.6
"Jul 16, 2020",148.1,150,145.2,148.9
"Jul 15, 2020",150.1,153.85,147,147.75
"Jul 14, 2020",155.9,156.25,149,149.75
"Jul 13, 2020",161.45,162.45,154.35,156.05
"Jul 10, 2020",161.5,163.4,158.5,159.7
"Jul 9, 2020",163,165.1,161.45,162.75
"Jul 8, 2020",168,169.5,161.4,163
"Jul 7, 2020",164.5,170.65,163.3,168.15
"Jul 6, 2020",161.95,165.2,160.5,164.2
"Jul 3, 2020",160,163.85,157.4,160
"Jul 2, 2020",159.8,160.95,156.15,158.2
"Jul 1, 2020",157.15,159,156.05,157.65
"Jun 30, 2020",161.4,164.15,155.25,156.25
"Jun 29, 2020",161.4,163.55,156.75,159.75
"Jun 26, 2020",164,166.35,161.3,162.15
"Jun 25, 2020",153.25,169.2,153,161.65
"Jun 24, 2020",159.1,163,153.5,154.8
"Jun 23, 2020",157,161.8,155.55,157.2
"Jun 22, 2020",154.5,156.2,153.6,154.65
"Jun 19, 2020",149.6,154.4,148.9,152.7
"Jun 18, 2020",146.7,149.45,146,147.85
"Jun 17, 2020",145,148.45,143.45,147.15
"Jun 16, 2020",153.5,154,142.75,146.2
"Jun 15, 2020",151.8,156.85,148.25,149.25
"Jun 12, 2020",144,153.3,141,152.3
"Jun 11, 2020",151.85,165.45,150.25,151.8
"Jun 10, 2020",152.75,154.75,150.25,151.85
"Jun 9, 2020",154.2,156.7,151.05,151.9
"Jun 8, 2020",155.6,158.5,150.65,152.65
"Jun 5, 2020",148.9,155,148.45,152.45
"Jun 4, 2020",150.5,153.9,146.15,148
"Jun 3, 2020",151.75,157.9,149.6,150.65
"Jun 2, 2020",151,152.6,148.25,149.95
"Jun 1, 2020",150,154.9,149.5,150.5
"May 29, 2020",141.1,153.6,141.1,148.35
"May 28, 2020",141.7,144.4,140.6,142.65
"May 27, 2020",139.75,141.6,138.5,141
"May 26, 2020",139,143.3,138.35,139.5
"May 22, 2020",138,141.2,136.6,138.1
"May 21, 2020",142.2,144,137.05,138.3
"May 20, 2020",139.5,143.2,138,141.35
"May 19, 2020",137.8,145.9,134.45,139.7
"May 18, 2020",144.8,146.4,134.35,135.9
"May 15, 2020",141.4,143.7,140,141.05
"May 14, 2020",139.55,142.35,137.4,140.9
"May 13, 2020",145,145,140.75,141.15
"May 12, 2020",138.5,140.7,133.2,139.9
"May 11, 2020",137.85,143.3,137.5,140.05
"May 8, 2020",136.9,139.35,136.2,137.15
"May 7, 2020",131.1,135.65,130,134.9
"May 6, 2020",133.65,135.4,127.3,133.25
"May 5, 2020",135,136.35,131.8,132.7
"May 4, 2020",136.9,137.5,130,131.55
"Apr 30, 2020",141.45,147.45,140.3,141.4
"Apr 29, 2020",140,140.7,135.65,139.5
"Apr 28, 2020",135.95,141.9,135.05,139.3
"Apr 27, 2020",136.4,138.35,134.1,134.6
"Apr 24, 2020",137.15,140.55,134.1,134.65
"Apr 23, 2020",140.5,142.5,137.5,140.5
"Apr 22, 2020",136,138.8,132.1,137.6
"Apr 21, 2020",143,143,134.15,135.95
"Apr 20, 2020",146,155.45,142.6,146.7
"Apr 17, 2020",146.95,148.55,141.55,143.9
"Apr 16, 2020",142,144.85,140.55,143.3
"Apr 15, 2020",148.05,150.95,143.2,145.25
"Apr 13, 2020",142,149,136.55,146
"Apr 9, 2020",140,146.25,140,142.45
"Apr 8, 2020",136.85,147.15,134.9,138.1
"Apr 7, 2020",131,141.5,131,138.15
"Apr 3, 2020",134,134.6,128,129.05
"Apr 1, 2020",138.95,138.95,131.8,133.95
"Mar 31, 2020",131.7,138.45,129.45,137.6
"Mar 30, 2020",124,129.8,121,128.7
"Mar 27, 2020",146,151,126.25,128
"Mar 26, 2020",135,152,132.05,140.25
"Mar 25, 2020",126,134.9,125,132.3
"Mar 24, 2020",125,132.95,116.4,130.35
"Mar 23, 2020",123.05,135,118.2,120.9
"Mar 20, 2020",138,141.6,128.7,137.7
"Mar 19, 2020",121,132.95,118.2,128.9
"Mar 18, 2020",135.9,137,127.1,130.2
"Mar 17, 2020",135.7,142.55,130.5,133.4
"Mar 16, 2020",141,142.3,128.65,134.7
"Mar 13, 2020",145.95,161.35,129.75,148.75
"Mar 12, 2020",180.1,183.9,160.45,162.15
"Mar 11, 2020",197.4,205,192.25,195.75
"Mar 9, 2020",207,208.5,197.25,199.7
"Mar 6, 2020",215.1,216.75,207.5,214.75
"Mar 5, 2020",223.75,226.85,219.35,221.75
"Mar 4, 2020",226.1,227,213.55,221.1
"Mar 3, 2020",221,228.65,219.25,225.75
"Mar 2, 2020",223,226.7,216.15,218.6
"Feb 28, 2020",221,226.8,217,218.65
"Feb 27, 2020",241.45,241.45,232.05,234.15
"Feb 26, 2020",244,246.3,241,242.8
"Feb 25, 2020",249.8,251.75,242.4,246.45
"Feb 24, 2020",254.8,255.85,244.1,247.25
"Feb 20, 2020",253.2,261,252.65,258.65
"Feb 19, 2020",250,255.5,249.9,254
"Feb 18, 2020",251.65,251.65,245.25,249.45
"Feb 17, 2020",256.9,257.4,251.65,252.5
"Feb 14, 2020",252.5,258.6,251.55,256.15
"Feb 13, 2020",249.8,252.75,248.25,251.45
"Feb 12, 2020",245.9,251.4,245,249.7
"Feb 11, 2020",245.2,248.6,243.65,245.3
"Feb 10, 2020",239.5,245.15,237.55,244.5
"Feb 7, 2020",236.4,242.15,235.25,239.5
"Feb 6, 2020",237.4,243.6,234.1,236.5
"Feb 5, 2020",226.75,239.3,222.55,236.25
"Feb 4, 2020",222.65,227.15,222.05,225.45
"Feb 3, 2020",221.7,224.65,215.6,220.9
"Jan 31, 2020",231,234.55,227.15,229.45
"Jan 30, 2020",232.3,232.75,228.2,231.5
"Jan 29, 2020",231.7,238.35,231,232.3
"Jan 28, 2020",232.25,234.5,229.1,229.9
"Jan 27, 2020",229.5,236.45,226.05,230.55
"Jan 24, 2020",225.5,232.4,219,229.75
"Jan 23, 2020",226,231.2,225.75,229.6
"Jan 22, 2020",224.8,228,221.15,225.9
"Jan 21, 2020",224.35,227,220.5,224.25
"Jan 20, 2020",229.55,232.25,224.15,226.55
"Jan 17, 2020",216,229.25,213.7,228.4
"Jan 16, 2020",217.7,222.5,217,220
"Jan 15, 2020",214.5,218,212.5,216.6
"Jan 14, 2020",213.45,215.5,211.85,214.35
"Jan 13, 2020",210.65,216.25,209.6,213.6
"Jan 10, 2020",208,213,205.9,209.1
"Jan 9, 2020",201.9,208.9,201.9,208
"Jan 8, 2020",201,203.55,194.55,201.5
"Jan 7, 2020",200.55,205.7,200.55,204.05
"Jan 6, 2020",207.75,207.75,197.75,199.55
"Jan 3, 2020",210.25,212.35,205.8,208.3
"Jan 2, 2020",208,213.2,207.5,211.2
"Jan 1, 2020",209,210.45,206.65,207.85
